"Date","Price","Open","High","Low","Vol.","Change %"
"12/03/1992","2,619.90","2,574.86","2,627.93","2,559.32","","1.01%"
"12/02/1992","2,593.62","2,590.56","2,614.04","2,586.24","","1.80%"
"12/01/1992","2,547.69","2,522.07","2,551.81","2,522.07","","1.18%"
"11/30/1992","2,518.10","2,511.41","2,542.55","2,511.41","","1.27%"
"11/27/1992","2,486.41","2,462.91","2,486.83","2,460.80","","-0.03%"
"11/26/1992","2,487.11","2,526.09","2,526.09","2,487.09","","-2.72%"
"11/25/1992","2,556.56","2,593.97","2,609.35","2,555.46","","0.38%"
"11/24/1992","2,546.86","2,523.27","2,560.71","2,522.48","","0.65%"
"11/23/1992","2,530.47","2,468.92","2,545.33","2,468.92","","2.05%"
"11/20/1992","2,479.56","2,422.97","2,479.56","2,418.52","","2.32%"
"11/19/1992","2,423.26","2,506.52","2,506.52","2,413.62","","-4.02%"
"11/18/1992","2,524.71","2,551.98","2,551.98","2,501.77","","-2.40%"
"11/13/1992","2,586.68","2,606.44","2,606.44","2,574.74","","-2.09%"
"11/12/1992","2,641.81","2,645.74","2,679.25","2,635.71","","1.74%"
"11/11/1992","2,596.53","2,663.31","2,663.31","2,555.53","","-3.31%"
"11/09/1992","2,685.39","2,758.46","2,758.46","2,682.84","","-2.57%"
"11/06/1992","2,756.19","2,760.12","2,760.12","2,732.77","","-1.38%"
"11/05/1992","2,794.83","2,870.59","2,889.69","2,794.83","","-4.49%"
"11/04/1992","2,926.18","2,953.02","2,982.90","2,917.56","","-0.09%"
"11/03/1992","2,928.89","2,867.57","2,928.89","2,867.57","","3.37%"
"10/30/1992","2,833.34","2,892.39","2,896.92","2,825.58","","-1.01%"
"10/29/1992","2,862.15","2,873.65","2,890.63","2,862.15","","-0.51%"
"10/28/1992","2,876.70","2,963.28","2,963.28","2,876.70","","-3.70%"
"10/25/1992","2,987.21","3,033.08","3,033.08","2,987.21","","0.00%"
"10/22/1992","2,987.29","2,982.99","3,002.16","2,968.45","","1.79%"
"10/21/1992","2,934.66","2,973.71","2,987.57","2,932.18","","-3.81%"
"10/20/1992","3,050.90","3,074.66","3,078.41","3,045.78","","-1.15%"
"10/15/1992","3,086.45","3,081.37","3,100.89","3,053.04","","-0.62%"
"10/14/1992","3,105.63","3,166.50","3,168.90","3,105.63","","-2.58%"
"10/13/1992","3,187.76","3,127.44","3,190.28","3,127.44","","0.67%"
"10/12/1992","3,166.52","3,223.15","3,223.15","3,158.29","","-3.33%"
"10/09/1992","3,275.57","3,300.25","3,304.71","3,275.24","","1.99%"
"10/08/1992","3,211.55","3,219.19","3,223.20","3,201.49","","-1.11%"
"10/06/1992","3,247.76","3,234.31","3,273.53","3,245.67","","-2.05%"
"10/01/1992","3,315.72","3,303.93","3,329.80","3,301.76","","0.65%"
"09/30/1992","3,294.42","3,226.08","3,297.32","3,226.08","","3.09%"
"09/29/1992","3,195.75","3,192.96","3,224.16","3,179.65","","-1.37%"
"09/28/1992","3,239.98","3,252.18","3,258.60","3,231.74","","-0.51%"
"09/25/1992","3,256.59","3,249.02","3,256.59","3,249.02","","0.30%"
"09/24/1992","3,246.96","3,286.70","3,286.70","3,236.07","","-1.57%"
"09/22/1992","3,298.75","3,242.79","3,305.43","3,242.79","","0.73%"
"09/21/1992","3,274.74","3,340.04","3,341.60","3,263.64","","-3.22%"
"09/18/1992","3,383.62","3,385.36","3,385.36","3,340.76","","0.16%"
"09/17/1992","3,378.18","3,356.09","3,386.75","3,354.20","","-0.79%"
"09/16/1992","3,404.96","3,463.14","3,463.14","3,404.96","","-0.16%"
"09/15/1992","3,410.29","3,365.96","3,415.99","3,365.96","","4.14%"
"09/14/1992","3,274.85","3,205.67","3,274.85","3,205.67","","1.71%"
"09/11/1992","3,219.92","3,202.82","3,220.18","3,193.09","","0.66%"
"09/09/1992","3,198.69","3,192.42","3,200.25","3,178.81","","-0.09%"
"09/08/1992","3,201.46","3,205.32","3,205.32","3,187.47","","-0.78%"
"09/07/1992","3,226.52","3,172.71","3,250.02","3,172.71","","1.91%"
"09/04/1992","3,166.10","3,080.40","3,166.10","3,078.72","","2.81%"
"09/03/1992","3,079.53","3,062.69","3,099.66","3,048.40","","1.28%"
"09/02/1992","3,040.57","3,035.38","3,046.17","3,017.04","","-0.97%"
"09/01/1992","3,070.49","3,080.79","3,099.40","3,070.49","","1.28%"
"08/28/1992","3,031.63","3,013.54","3,033.65","3,009.77","","1.16%"
"08/27/1992","2,996.98","2,891.99","2,998.57","2,891.99","","3.01%"
"08/26/1992","2,909.32","2,947.56","2,947.56","2,864.79","","-1.69%"
"08/25/1992","2,959.41","3,020.82","3,021.59","2,959.41","","-3.07%"
"08/24/1992","3,053.12","3,051.28","3,071.52","3,041.39","","0.60%"
"08/21/1992","3,034.94","2,958.97","3,034.94","2,958.97","","1.33%"
"08/20/1992","2,995.25","3,018.20","3,059.22","2,995.25","","0.42%"
"08/19/1992","2,982.60","2,978.86","3,007.45","2,964.75","","2.09%"
"08/18/1992","2,921.53","2,875.61","2,921.53","2,869.41","","1.12%"
"08/17/1992","2,889.08","2,830.07","2,892.68","2,830.07","","3.36%"
"08/14/1992","2,795.18","2,720.53","2,795.18","2,720.53","","4.34%"
"08/12/1992","2,678.83","2,638.05","2,679.35","2,638.05","","-0.54%"
"08/11/1992","2,693.42","2,706.46","2,732.34","2,686.99","","0.94%"
"08/10/1992","2,668.25","2,598.77","2,668.98","2,597.50","","2.99%"
"08/07/1992","2,590.68","2,568.81","2,605.19","2,568.81","","2.42%"
"08/06/1992","2,529.59","2,594.45","2,595.37","2,529.59","","-3.83%"
"08/05/1992","2,630.23","2,676.50","2,681.42","2,628.20","","-2.09%"
"08/04/1992","2,686.49","2,699.45","2,700.26","2,676.82","","-1.33%"
"08/03/1992","2,722.65","2,721.02","2,730.82","2,697.04","","-0.16%"
"07/31/1992","2,727.06","2,717.56","2,727.06","2,698.75","","1.05%"
"07/30/1992","2,698.83","2,733.86","2,733.86","2,680.69","","-2.05%"
"07/29/1992","2,755.25","2,796.53","2,805.99","2,752.94","","-2.66%"
"07/28/1992","2,830.57","2,858.25","2,872.71","2,822.24","","0.94%"
"07/27/1992","2,804.15","2,740.74","2,807.41","2,737.65","","4.70%"
"07/23/1992","2,678.34","2,784.04","2,784.04","2,677.07","","-4.96%"
"07/22/1992","2,818.12","2,857.01","2,881.94","2,814.26","","-1.83%"
"07/21/1992","2,870.59","2,839.17","2,870.59","2,837.07","","0.53%"
"07/20/1992","2,855.43","2,794.95","2,864.05","2,794.42","","1.75%"
"07/17/1992","2,806.31","2,795.31","2,807.96","2,761.45","","-0.12%"
"07/16/1992","2,809.69","2,890.75","2,891.81","2,797.92","","-3.54%"
"07/15/1992","2,912.92","2,972.96","2,972.96","2,912.92","","-5.44%"
"06/26/1992","3,080.54","3,080.54","3,080.54","3,080.54","","-0.03%"
"06/25/1992","3,081.32","3,097.48","3,102.44","3,081.32","","-1.89%"
"06/10/1992","3,140.80","3,139.94","3,193.17","3,139.46","","-0.43%"
"06/09/1992","3,154.23","3,127.57","3,198.77","3,127.57","","1.73%"
"06/08/1992","3,100.66","3,063.22","3,113.66","3,063.22","","0.45%"
"06/05/1992","3,086.74","2,983.22","3,086.99","2,983.22","","2.72%"
"06/04/1992","3,004.92","3,016.83","3,018.64","2,993.68","","-3.12%"
"06/03/1992","3,101.66","3,120.37","3,192.45","3,092.45","","-1.03%"
"06/02/1992","3,133.83","3,014.07","3,147.20","3,014.07","","4.42%"
"06/01/1992","3,001.24","2,958.39","3,003.83","2,928.10","","-0.16%"
"05/29/1992","3,006.08","3,050.19","3,070.60","2,987.69","","-2.16%"
"05/28/1992","3,072.48","3,002.42","3,072.43","2,963.49","","-2.30%"
"05/27/1992","3,144.79","3,307.02","3,307.02","3,111.07","","-4.67%"
"05/26/1992","3,298.74","3,349.11","3,352.43","3,271.13","","-3.16%"
"05/25/1992","3,406.29","3,432.43","3,432.43","3,399.92","","-0.84%"
"05/22/1992","3,435.07","3,378.88","3,442.65","3,376.12","","-3.49%"
"05/20/1992","3,559.28","3,499.27","3,562.36","3,495.29","","-0.26%"
"05/19/1992","3,568.67","3,490.91","3,574.92","3,481.82","","3.26%"
"05/18/1992","3,456.16","3,475.12","3,527.21","3,454.13","","1.82%"
"05/14/1992","3,394.48","3,407.85","3,407.85","3,335.48","","-1.07%"
"05/13/1992","3,431.13","3,283.16","3,493.47","3,283.16","","11.17%"
"05/12/1992","3,086.37","3,273.82","3,307.71","3,080.43","","-9.76%"
"05/11/1992","3,420.05","3,556.94","3,566.07","3,407.54","","-6.50%"
"05/07/1992","3,658.00","3,651.01","3,710.86","3,651.01","","2.73%"
"05/06/1992","3,560.72","3,531.21","3,579.87","3,460.60","","-8.41%"
"04/30/1992","3,887.72","3,637.17","3,887.72","3,636.02","","5.81%"
"04/29/1992","3,674.41","3,727.18","3,750.07","3,611.11","","-5.71%"
"04/28/1992","3,896.90","4,109.84","4,112.78","3,896.90","","-12.77%"
"04/22/1992","4,467.32","4,467.32","4,467.32","4,467.32","","7.31%"
"04/13/1992","4,163.02","4,266.68","4,307.21","4,163.02","","-3.33%"
"04/10/1992","4,306.43","4,328.63","4,338.75","4,266.26","","-0.63%"
"04/08/1992","4,333.57","4,062.31","4,341.27","4,062.31","","7.72%"
"04/07/1992","4,023.11","3,988.28","4,023.11","3,930.64","","-0.97%"
"04/06/1992","4,062.57","4,150.74","4,150.74","4,062.57","","-4.15%"
"04/03/1992","4,238.25","4,120.45","4,241.07","4,026.77","","-3.41%"
"04/02/1992","4,387.86","4,546.58","4,546.58","4,387.86","","2.40%"
"03/31/1992","4,285.00","4,172.21","4,318.95","4,172.21","","4.73%"
"03/30/1992","4,091.43","4,112.23","4,159.53","4,091.43","","7.92%"
"03/27/1992","3,791.18","3,672.99","3,800.83","3,655.12","","-0.29%"
"03/25/1992","3,802.17","3,655.00","3,807.64","3,655.00","","3.61%"
"03/24/1992","3,669.58","3,521.25","3,688.53","3,521.25","","13.14%"
"03/20/1992","3,243.53","3,135.88","3,243.53","3,135.88","","3.69%"
"03/18/1992","3,128.01","3,212.66","3,212.66","3,126.45","","-2.21%"
"03/17/1992","3,198.78","3,296.41","3,296.41","3,197.51","","-1.60%"
"03/16/1992","3,250.70","3,305.62","3,385.99","2,949.70","","-0.27%"
"03/13/1992","3,259.36","3,299.74","3,346.26","3,259.36","","0.54%"
"03/12/1992","3,241.97","3,178.14","3,306.17","3,178.14","","2.47%"
"03/11/1992","3,163.68","3,137.95","3,173.19","3,069.49","","-4.59%"
"03/10/1992","3,316.03","3,480.74","3,480.74","3,261.00","","-6.53%"
"03/09/1992","3,547.61","3,547.61","3,547.61","3,547.61","","2.15%"
"03/03/1992","3,472.78","3,323.60","3,479.33","3,314.53","","4.19%"
"03/02/1992","3,333.25","3,273.47","3,333.25","3,273.47","","10.46%"
"02/29/1992","3,017.68","2,883.94","3,049.90","2,883.94","","9.37%"
"02/28/1992","2,759.22","2,785.20","2,787.60","2,759.11","","0.64%"
"02/27/1992","2,741.73","2,674.86","2,754.06","2,674.86","","4.75%"
"02/26/1992","2,617.52","2,586.34","2,640.53","2,586.34","","5.07%"
"02/24/1992","2,491.27","2,478.88","2,497.97","2,467.80","","1.49%"
"02/21/1992","2,454.66","2,421.54","2,454.89","2,417.71","","0.23%"
"02/20/1992","2,449.06","2,422.15","2,468.97","2,414.45","","2.81%"
"02/19/1992","2,382.07","2,407.54","2,407.54","2,350.08","","-0.90%"
"02/18/1992","2,403.78","2,476.26","2,478.44","2,402.52","","-1.38%"
"02/17/1992","2,437.30","2,384.03","2,491.68","2,384.03","","4.93%"
"02/13/1992","2,322.79","2,303.11","2,331.22","2,303.11","","0.76%"
"02/12/1992","2,305.38","2,334.32","2,337.75","2,298.03","","1.40%"
"02/10/1992","2,273.47","2,209.65","2,278.40","2,209.65","","3.60%"
"02/07/1992","2,194.48","2,307.02","2,315.20","2,193.27","","-4.97%"
"02/06/1992","2,309.36","2,289.76","2,314.32","2,289.76","","0.91%"
"02/05/1992","2,288.43","2,284.84","2,289.41","2,284.02","","0.43%"
"02/04/1992","2,278.72","2,257.09","2,278.82","2,253.94","","0.26%"
"02/03/1992","2,272.81","2,272.81","2,272.81","2,272.81","","-1.29%"
"01/31/1992","2,302.54","2,300.10","2,329.95","2,300.10","","0.12%"
"01/30/1992","2,299.77","2,275.13","2,300.27","2,254.87","","3.86%"
"01/29/1992","2,214.22","2,209.45","2,214.22","2,186.60","","1.94%"
"01/27/1992","2,172.11","2,144.03","2,181.35","2,142.60","","1.53%"
"01/24/1992","2,139.33","2,146.61","2,153.79","2,134.91","","-0.52%"
"01/23/1992","2,150.41","2,181.90","2,184.99","2,145.87","","0.82%"
"01/22/1992","2,132.82","2,103.58","2,135.74","2,103.58","","0.81%"
"01/21/1992","2,115.71","2,119.35","2,157.87","2,107.64","","0.41%"
"01/20/1992","2,107.07","2,094.54","2,114.27","2,094.27","","-0.42%"
"01/17/1992","2,115.89","2,079.23","2,118.15","2,066.50","","5.66%"
"01/16/1992","2,002.60","2,003.31","2,021.62","1,997.86","","-0.87%"
"01/15/1992","2,020.18","2,018.15","2,024.62","2,012.62","","1.11%"
"01/14/1992","1,998.07","1,981.87","1,998.07","1,976.54","","-0.04%"
"01/13/1992","1,998.88","1,973.51","2,006.84","1,972.16","","1.34%"
"01/09/1992","1,972.53","1,950.99","1,976.16","1,948.15","","1.19%"
"01/08/1992","1,949.31","1,946.95","1,953.83","1,945.48","","-0.72%"
"01/07/1992","1,963.53","1,961.46","1,963.53","1,949.38","","-0.20%"
"01/06/1992","1,967.55","2,000.49","2,005.53","1,966.39","","-1.45%"
"01/03/1992","1,996.50","2,006.66","2,007.22","1,993.77","","1.39%"
"01/02/1992","1,969.16","1,965.68","1,973.59","1,960.90","","0.60%"
"01/01/1992","1,957.33","1,957.33","1,957.33","1,957.33","","2.54%"
"12/24/1991","1,908.85","1,839.18","1,946.28","1,908.85","","-0.33%"
"12/23/1991","1,915.12","1,890.69","1,915.58","1,886.03","","2.23%"
"12/20/1991","1,873.28","1,870.23","1,895.11","1,870.23","","-0.13%"
"12/19/1991","1,875.67","1,848.20","1,876.04","1,848.20","","2.23%"
"12/18/1991","1,834.78","1,809.73","1,835.37","1,807.21","","1.11%"
"12/17/1991","1,814.67","1,823.51","1,837.03","1,813.29","","-0.59%"
"12/16/1991","1,825.45","1,813.28","1,825.90","1,804.81","","-0.68%"
"12/12/1991","1,837.88","1,845.19","1,860.69","1,837.88","","-1.23%"
"12/11/1991","1,860.75","1,870.92","1,874.21","1,860.75","","-0.62%"
"12/10/1991","1,872.45","1,870.45","1,875.73","1,863.47","","-0.39%"
"12/09/1991","1,879.73","1,911.82","1,917.53","1,879.73","","-1.02%"
"12/06/1991","1,899.11","1,886.10","1,899.50","1,880.27","","1.19%"
"12/05/1991","1,876.73","1,871.86","1,876.73","1,863.56","","-0.46%"
"12/04/1991","1,885.44","1,888.90","1,895.82","1,885.41","","-0.39%"
"12/03/1991","1,892.84","1,891.31","1,893.36","1,881.52","","-0.60%"
"12/02/1991","1,904.26","1,918.61","1,920.99","1,899.55","","0.05%"
"11/29/1991","1,903.31","1,890.77","1,903.31","1,890.77","","2.53%"
"11/28/1991","1,856.34","1,853.53","1,877.14","1,853.53","","-0.43%"
"11/27/1991","1,864.39","1,871.32","1,877.92","1,863.26","","0.46%"
"11/26/1991","1,855.94","1,872.90","1,890.78","1,855.54","","-1.62%"
"11/22/1991","1,886.56","1,907.34","1,907.34","1,881.99","","-1.26%"
"11/20/1991","1,910.59","1,944.55","1,955.29","1,910.02","","-0.70%"
"11/19/1991","1,924.15","1,902.88","1,924.15","1,902.88","","2.82%"
"11/18/1991","1,871.32","1,872.66","1,885.92","1,862.34","","-0.45%"
"11/15/1991","1,879.69","1,885.14","1,885.14","1,871.86","","-0.79%"
"11/14/1991","1,894.67","1,888.55","1,904.15","1,888.55","","0.70%"
"11/13/1991","1,881.50","1,865.95","1,881.50","1,858.49","","0.14%"
"11/12/1991","1,878.82","1,886.54","1,897.09","1,876.12","","-0.88%"
"11/11/1991","1,895.53","1,895.53","1,895.53","1,895.53","","-0.80%"
"11/08/1991","1,910.81","1,925.13","1,928.61","1,902.55","","-0.37%"
"11/05/1991","1,917.96","1,927.18","1,927.18","1,906.48","","0.43%"
"11/01/1991","1,909.80","1,914.12","1,917.06","1,903.22","","1.06%"
"10/31/1991","1,889.84","1,866.96","1,893.27","1,866.96","","1.50%"
"10/30/1991","1,861.85","1,878.10","1,897.71","1,861.85","","-1.65%"
"10/29/1991","1,893.16","1,863.75","1,893.16","1,863.75","","4.85%"
"10/26/1991","1,805.52","1,795.61","1,805.52","1,794.62","","0.65%"
"10/24/1991","1,793.78","1,808.52","1,811.78","1,793.78","","0.99%"
"10/23/1991","1,776.25","1,765.66","1,779.78","1,765.66","","0.68%"
"10/22/1991","1,764.24","1,741.06","1,764.24","1,740.12","","1.36%"
"10/21/1991","1,740.53","1,751.88","1,751.88","1,739.19","","-2.16%"
"10/18/1991","1,778.91","1,795.39","1,803.83","1,776.24","","0.31%"
"10/16/1991","1,773.47","1,745.76","1,779.04","1,745.76","","2.87%"
"10/15/1991","1,724.06","1,714.18","1,724.06","1,698.63","","-0.30%"
"10/14/1991","1,729.30","1,744.12","1,744.12","1,726.43","","-1.99%"
"10/11/1991","1,764.50","1,762.33","1,777.74","1,761.16","","0.68%"
"10/10/1991","1,752.50","1,742.33","1,752.50","1,732.04","","2.10%"
"10/09/1991","1,716.53","1,735.87","1,735.87","1,685.57","","-3.58%"
"10/07/1991","1,780.25","1,797.94","1,805.21","1,779.14","","0.40%"
"10/04/1991","1,773.15","1,789.63","1,802.41","1,771.47","","-2.34%"
"10/03/1991","1,815.62","1,834.03","1,834.03","1,813.91","","-2.30%"
"10/01/1991","1,858.45","1,872.69","1,872.69","1,850.91","","-1.42%"
"09/30/1991","1,885.28","1,895.96","1,916.77","1,885.28","","0.81%"
"09/27/1991","1,870.04","1,824.73","1,870.04","1,824.73","","4.65%"
"09/26/1991","1,786.92","1,823.07","1,823.07","1,784.36","","-1.74%"
"09/25/1991","1,818.52","1,817.95","1,837.68","1,817.72","","0.07%"
"09/24/1991","1,817.26","1,827.13","1,827.13","1,800.83","","-0.88%"
"09/20/1991","1,833.44","1,873.64","1,873.64","1,830.78","","-2.30%"
"09/18/1991","1,876.62","1,891.51","1,918.21","1,874.17","","-0.10%"
"09/17/1991","1,878.55","1,859.02","1,878.55","1,851.66","","-1.77%"
"09/16/1991","1,912.35","1,819.56","1,916.79","1,891.49","","2.72%"
"09/13/1991","1,861.74","1,819.64","1,861.74","1,818.54","","2.82%"
"09/10/1991","1,810.71","1,828.17","1,833.22","1,809.95","","-0.05%"
"09/06/1991","1,811.54","1,830.34","1,833.96","1,810.53","","0.07%"
"09/05/1991","1,810.21","1,810.21","1,810.21","1,810.21","","2.70%"
"09/04/1991","1,762.62","1,740.93","1,762.62","1,739.15","","-0.10%"
"09/03/1991","1,764.36","1,802.43","1,804.76","1,760.30","","-1.76%"
"08/30/1991","1,795.99","1,759.26","1,806.06","1,759.26","","-1.73%"
"08/28/1991","1,827.59","1,827.90","1,847.15","1,827.59","","0.77%"
"08/27/1991","1,813.68","1,805.17","1,818.15","1,795.98","","-1.69%"
"08/26/1991","1,844.82","1,849.41","1,861.94","1,841.02","","2.33%"
"08/23/1991","1,802.81","1,755.71","1,810.35","1,755.71","","2.88%"
"08/22/1991","1,752.30","1,768.18","1,777.91","1,752.30","","2.61%"
"08/21/1991","1,707.77","1,692.21","1,711.16","1,692.21","","-0.10%"
"08/20/1991","1,709.43","1,723.37","1,727.40","1,704.21","","-2.31%"
"08/19/1991","1,749.91","1,755.63","1,757.44","1,726.81","","1.32%"
"08/16/1991","1,727.07","1,724.06","1,740.04","1,720.31","","1.26%"
"08/14/1991","1,705.63","1,699.72","1,706.66","1,690.47","","1.09%"
"08/13/1991","1,687.24","1,688.63","1,705.78","1,685.03","","1.39%"
"08/12/1991","1,664.06","1,659.46","1,666.75","1,659.46","","0.03%"
"08/09/1991","1,663.57","1,658.16","1,666.55","1,649.73","","1.88%"
"08/08/1991","1,632.90","1,623.30","1,632.90","1,598.85","","-1.48%"
"08/07/1991","1,657.44","1,685.46","1,691.82","1,652.17","","-1.38%"
"08/05/1991","1,680.69","1,664.58","1,693.18","1,655.13","","0.00%"
"08/02/1991","1,680.62","1,703.15","1,703.15","1,680.62","","1.92%"
"08/01/1991","1,649.01","1,647.29","1,677.68","1,646.54","","1.00%"
"07/31/1991","1,632.67","1,614.00","1,637.39","1,606.79","","-0.87%"
"07/30/1991","1,647.00","1,637.36","1,650.28","1,637.36","","0.57%"
"07/29/1991","1,637.70","1,646.53","1,679.95","1,636.74","","2.36%"
"07/26/1991","1,599.98","1,604.23","1,630.27","1,596.46","","2.86%"
"07/25/1991","1,555.43","1,513.88","1,561.08","1,513.88","","4.69%"
"07/24/1991","1,485.76","1,481.95","1,488.47","1,465.94","","4.68%"
"07/22/1991","1,419.31","1,439.75","1,441.33","1,417.04","","-2.49%"
"07/19/1991","1,455.48","1,424.94","1,455.76","1,424.62","","0.90%"
"07/17/1991","1,442.54","1,442.54","1,442.54","1,442.54","","0.75%"
"07/16/1991","1,431.75","1,398.95","1,432.82","1,398.85","","1.73%"
"07/15/1991","1,407.35","1,421.77","1,421.77","1,406.32","","-2.39%"
"07/12/1991","1,441.85","1,447.64","1,456.50","1,436.70","","1.49%"
"07/11/1991","1,420.75","1,403.96","1,438.26","1,403.96","","2.30%"
"07/10/1991","1,388.80","1,394.97","1,404.69","1,388.80","","1.44%"
"07/09/1991","1,369.06","1,368.31","1,381.41","1,360.22","","0.37%"
"07/08/1991","1,363.99","1,351.17","1,385.27","1,351.17","","0.49%"
"07/05/1991","1,357.32","1,322.89","1,359.32","1,322.89","","4.52%"
"07/04/1991","1,298.66","1,305.44","1,306.01","1,292.20","","-1.08%"
"07/03/1991","1,312.87","1,310.20","1,327.04","1,310.20","","1.48%"
"07/02/1991","1,293.67","1,279.88","1,293.43","1,276.82","","1.45%"
"07/01/1991","1,275.23","1,253.08","1,275.23","1,251.98","","0.42%"
"06/28/1991","1,269.91","1,288.25","1,292.59","1,267.50","","-1.55%"
"06/27/1991","1,289.94","1,255.14","1,290.43","1,245.15","","1.37%"
"06/26/1991","1,272.54","1,298.61","1,301.06","1,271.23","","-2.25%"
"06/25/1991","1,301.85","1,288.91","1,303.72","1,288.91","","-0.27%"
"06/24/1991","1,305.33","1,340.20","1,340.20","1,303.38","","-4.14%"
"06/21/1991","1,361.72","1,371.85","1,372.25","1,353.32","","1.87%"
"06/20/1991","1,336.75","1,331.33","1,341.58","1,331.33","","0.85%"
"06/19/1991","1,325.46","1,327.70","1,331.24","1,324.42","","-0.73%"
"06/18/1991","1,335.21","1,322.13","1,335.21","1,318.20","","2.14%"
"06/17/1991","1,307.22","1,317.09","1,323.39","1,307.05","","1.11%"
"06/14/1991","1,292.81","1,271.43","1,293.44","1,267.90","","1.38%"
"06/13/1991","1,275.15","1,293.42","1,296.22","1,273.68","","-1.02%"
"06/12/1991","1,288.25","1,274.39","1,291.51","1,274.39","","2.11%"
"06/11/1991","1,261.64","1,260.17","1,263.71","1,252.70","","1.07%"
"06/07/1991","1,248.31","1,271.27","1,271.27","1,246.13","","-1.94%"
"06/06/1991","1,272.97","1,291.34","1,291.76","1,270.03","","-0.92%"
"06/05/1991","1,284.81","1,295.54","1,295.54","1,283.30","","-0.41%"
"06/04/1991","1,290.07","1,289.36","1,295.00","1,289.36","","0.16%"
"06/03/1991","1,287.95","1,302.82","1,302.82","1,287.34","","-1.48%"
"05/31/1991","1,307.34","1,308.64","1,327.86","1,307.34","","-2.11%"
"05/30/1991","1,335.48","1,337.33","1,338.46","1,325.02","","0.61%"
"05/29/1991","1,327.33","1,327.33","1,327.33","1,327.33","","0.72%"
"05/27/1991","1,317.90","1,315.03","1,324.76","1,313.31","","0.23%"
"05/23/1991","1,314.89","1,295.40","1,321.88","1,294.24","","-0.43%"
"05/21/1991","1,320.54","1,293.04","1,320.54","1,293.04","","2.83%"
"05/20/1991","1,284.25","1,289.99","1,289.99","1,282.12","","-1.04%"
"05/17/1991","1,297.69","1,308.79","1,310.11","1,297.61","","0.48%"
"05/16/1991","1,291.50","1,297.75","1,304.13","1,291.13","","-0.10%"
"05/14/1991","1,292.83","1,283.04","1,292.93","1,280.18","","0.29%"
"05/13/1991","1,289.13","1,296.52","1,302.36","1,289.13","","0.06%"
"05/10/1991","1,288.35","1,278.10","1,288.35","1,277.92","","2.23%"
"05/09/1991","1,260.29","1,254.69","1,269.62","1,253.69","","-0.48%"
"05/08/1991","1,266.34","1,272.82","1,272.82","1,265.77","","0.90%"
"05/07/1991","1,255.04","1,239.96","1,257.25","1,239.96","","-0.03%"
"05/06/1991","1,255.42","1,264.76","1,267.65","1,253.21","","-1.31%"
"05/03/1991","1,272.09","1,269.39","1,278.12","1,264.39","","2.99%"
"04/30/1991","1,235.11","1,263.85","1,263.85","1,235.11","","-2.55%"
"04/29/1991","1,267.46","1,275.09","1,275.09","1,258.88","","-1.49%"
"04/26/1991","1,286.59","1,304.10","1,304.11","1,286.46","","-0.77%"
"04/25/1991","1,296.54","1,291.95","1,300.55","1,291.95","","1.72%"
"04/24/1991","1,274.56","1,270.21","1,282.81","1,264.76","","-0.19%"
"04/23/1991","1,276.94","1,273.35","1,289.08","1,273.35","","-0.80%"
"04/22/1991","1,287.27","1,273.89","1,288.33","1,273.78","","0.26%"
"04/19/1991","1,283.94","1,278.41","1,291.64","1,278.41","","0.97%"
"04/18/1991","1,271.62","1,260.53","1,276.85","1,256.14","","-0.26%"
"04/16/1991","1,274.97","1,299.26","1,299.26","1,262.98","","-2.11%"
"04/15/1991","1,302.50","1,306.70","1,316.38","1,298.91","","1.12%"
"04/12/1991","1,288.02","1,279.60","1,300.45","1,279.60","","2.28%"
"04/11/1991","1,259.28","1,239.39","1,259.28","1,236.84","","1.51%"
"04/09/1991","1,240.53","1,250.59","1,256.80","1,238.84","","0.15%"
"04/08/1991","1,238.70","1,222.47","1,241.02","1,218.07","","1.69%"
"04/05/1991","1,218.12","1,212.85","1,219.83","1,207.18","","1.75%"
"04/04/1991","1,197.12","1,194.91","1,200.64","1,194.91","","-0.48%"
"04/03/1991","1,202.90","1,217.01","1,217.76","1,202.54","","-0.52%"
"04/02/1991","1,209.23","1,204.02","1,211.12","1,198.10","","1.31%"
"04/01/1991","1,193.61","1,179.18","1,198.64","1,179.18","","2.20%"
"03/27/1991","1,167.97","1,175.55","1,189.87","1,167.61","","-0.22%"
"03/26/1991","1,170.59","1,151.54","1,171.20","1,151.33","","1.31%"
"03/25/1991","1,155.46","1,158.51","1,160.66","1,152.53","","-1.38%"
"03/22/1991","1,171.59","1,198.30","1,201.80","1,171.31","","0.55%"
"03/21/1991","1,165.20","1,144.87","1,165.44","1,144.87","","-0.57%"
"03/20/1991","1,171.92","1,180.92","1,182.72","1,169.02","","0.07%"
"03/18/1991","1,171.08","1,181.58","1,187.85","1,170.63","","-2.96%"
"03/15/1991","1,206.75","1,214.08","1,229.79","1,204.69","","0.86%"
"03/14/1991","1,196.48","1,150.54","1,196.48","1,150.54","","3.14%"
"03/13/1991","1,160.08","1,170.21","1,188.91","1,160.08","","-0.50%"
"03/12/1991","1,165.90","1,157.59","1,165.90","1,151.51","","-0.75%"
"03/11/1991","1,174.72","1,171.23","1,174.72","1,158.55","","-1.37%"
"03/08/1991","1,191.05","1,156.90","1,191.05","1,154.88","","3.48%"
"03/07/1991","1,151.05","1,158.55","1,158.55","1,137.59","","-7.62%"
"03/05/1991","1,245.93","1,219.68","1,251.07","1,219.68","","1.67%"
"03/04/1991","1,225.44","1,200.43","1,231.29","1,191.13","","0.41%"
"02/28/1991","1,220.41","1,242.26","1,249.36","1,220.41","","-0.09%"
"02/27/1991","1,221.55","1,202.63","1,221.55","1,196.46","","1.36%"
"02/26/1991","1,205.20","1,191.36","1,219.68","1,191.36","","2.32%"
"02/25/1991","1,177.87","1,177.87","1,177.87","1,177.87","","-0.12%"
"02/22/1991","1,179.33","1,194.36","1,194.36","1,177.87","","2.26%"
"02/21/1991","1,153.29","1,170.21","1,170.82","1,147.14","","0.43%"
"02/20/1991","1,148.33","1,124.30","1,148.32","1,124.30","","-0.14%"
"02/19/1991","1,149.89","1,118.20","1,149.89","1,112.67","","10.61%"
"02/15/1991","1,039.60","1,028.55","1,039.78","1,028.55","","1.50%"
"02/14/1991","1,024.23","1,009.24","1,024.89","1,009.24","","1.92%"
"02/13/1991","1,004.94","1,006.15","1,014.28","1,002.88","","-0.84%"
"02/11/1991","1,013.50","1,015.55","1,016.11","1,010.35","","-1.62%"
"02/08/1991","1,030.23","1,037.50","1,038.35","1,030.23","","-0.89%"
"02/07/1991","1,039.45","1,045.91","1,045.91","1,023.17","","-2.11%"
"02/06/1991","1,061.87","1,079.99","1,079.99","1,056.67","","-0.79%"
"02/05/1991","1,070.29","1,064.84","1,074.46","1,062.06","","1.73%"
"02/04/1991","1,052.04","1,035.13","1,059.20","1,035.13","","2.94%"
"02/01/1991","1,021.95","987.11","1,021.95","983.23","","4.03%"
"01/31/1991","982.32","993.54","996.62","981.97","","2.74%"
"01/25/1991","956.11","966.31","966.31","947.14","","-1.61%"
"01/24/1991","971.80","991.28","991.28","967.69","","-2.95%"
"01/23/1991","1,001.38","1,014.36","1,014.36","998.77","","-1.61%"
"01/14/1991","1,017.72","1,012.80","1,017.98","1,004.91","","-1.60%"
"01/11/1991","1,034.30","1,000.51","1,034.30","997.04","","2.56%"
"01/09/1991","1,008.52","1,007.66","1,013.80","998.09","","-0.22%"
"01/07/1991","1,010.77","982.81","1,010.77","978.69","","2.89%"
"01/03/1991","982.35","983.51","989.08","981.08","","-1.69%"
"01/02/1991","999.26","1,027.38","1,027.38","999.26","","-4.68%"